{"stats":{"minecraft:custom":{"minecraft:open_chest":5,"minecraft:time_since_rest":16711,"minecraft:play_one_minute":72858,"minecraft:crouch_one_cm":476,"minecraft:sprint_one_cm":45617,"minecraft:damage_taken":434,"minecraft:deaths":1,"minecraft:walk_one_cm":252715,"minecraft:sneak_time":97,"minecraft:walk_under_water_one_cm":1657,"minecraft:jump":524,"minecraft:leave_game":1,"minecraft:time_since_death":51801,"minecraft:walk_on_water_one_cm":3093,"minecraft:sleep_in_bed":2,"minecraft:climb_one_cm":271,"minecraft:fall_one_cm":11977,"minecraft:fly_one_cm":28474},"minecraft:killed_by":{"minecraft:player":1},"minecraft:mined":{"minecraft:grass":2,"minecraft:grass_block":4,"minecraft:coarse_dirt":1,"minecraft:dirt":8,"minecraft:spruce_leaves":3,"minecraft:spruce_log":5,"minecraft:grass_path":1},"minecraft:used":{"minecraft:cooked_mutton":1,"minecraft:red_bed":1,"minecraft:carrot":7},"minecraft:picked_up":{"minecraft:coarse_dirt":1,"minecraft:cooked_mutton":128,"pixelmon:new_running_boots":1,"minecraft:dandelion":2,"pixelmon:poke_ball":9,"minecraft:rose_bush":1,"minecraft:gunpowder":1,"minecraft:spruce_log":10,"minecraft:carrot":64,"pixelmon:rare_candy":4,"minecraft:dirt":14,"minecraft:red_bed":1}},"DataVersion":2586}