{"stats":{"minecraft:custom":{"minecraft:time_since_rest":61546,"minecraft:interact_with_smithing_table":1,"minecraft:sprint_one_cm":56586,"minecraft:damage_taken":514,"minecraft:walk_one_cm":448986,"minecraft:fly_one_cm":44948,"minecraft:open_barrel":1,"minecraft:open_chest":10,"minecraft:crouch_one_cm":630,"minecraft:play_one_minute":117693,"minecraft:deaths":1,"minecraft:sneak_time":110,"minecraft:walk_under_water_one_cm":2238,"minecraft:jump":892,"minecraft:leave_game":1,"minecraft:walk_on_water_one_cm":6611,"minecraft:time_since_death":96636,"minecraft:sleep_in_bed":2,"minecraft:climb_one_cm":1668,"minecraft:fall_one_cm":18577},"minecraft:killed_by":{"minecraft:player":1},"minecraft:mined":{"minecraft:coarse_dirt":1,"minecraft:spruce_log":5,"minecraft:grass_path":1,"minecraft:grass":2,"minecraft:grass_block":5,"minecraft:dirt":8,"minecraft:spruce_leaves":3},"minecraft:used":{"minecraft:cooked_mutton":2,"minecraft:red_bed":1,"minecraft:carrot":7,"minecraft:potato":2},"minecraft:picked_up":{"minecraft:coarse_dirt":1,"minecraft:wheat":1,"minecraft:dandelion":2,"minecraft:potato":2,"pixelmon:poke_ball":9,"tcg:essence_jar":1,"minecraft:carrot":64,"minecraft:spruce_log":10,"minecraft:gunpowder":1,"pixelmon:rare_candy":17,"minecraft:dirt":15,"minecraft:red_bed":1,"minecraft:cooked_mutton":128,"pixelmon:new_running_boots":1,"minecraft:wheat_seeds":4,"minecraft:rose_bush":1,"minecraft:oak_sapling":1}},"DataVersion":2586}