{"stats":{"minecraft:custom":{"minecraft:time_since_rest":69230,"minecraft:interact_with_smithing_table":1,"minecraft:sprint_one_cm":56586,"minecraft:damage_taken":524,"minecraft:walk_one_cm":458801,"minecraft:drop":5,"minecraft:fly_one_cm":45833,"minecraft:open_barrel":1,"minecraft:open_chest":10,"minecraft:crouch_one_cm":630,"minecraft:play_one_minute":125377,"minecraft:deaths":1,"minecraft:sneak_time":110,"minecraft:walk_under_water_one_cm":2238,"minecraft:jump":917,"minecraft:leave_game":2,"minecraft:walk_on_water_one_cm":6611,"minecraft:time_since_death":104320,"minecraft:sleep_in_bed":2,"minecraft:climb_one_cm":1668,"minecraft:fall_one_cm":18577},"minecraft:killed_by":{"minecraft:player":1},"minecraft:dropped":{"minecraft:golden_boots":2,"minecraft:chicken":6},"minecraft:mined":{"pixelmon:apricorn_leaves_black":1,"minecraft:coarse_dirt":1,"minecraft:spruce_log":5,"minecraft:grass_path":1,"minecraft:grass":2,"minecraft:grass_block":5,"minecraft:dirt":8,"minecraft:spruce_leaves":3},"minecraft:used":{"minecraft:cooked_mutton":2,"minecraft:golden_sword":1,"minecraft:red_bed":1,"minecraft:carrot":7,"minecraft:potato":2},"minecraft:picked_up":{"minecraft:coarse_dirt":1,"minecraft:wheat":1,"minecraft:chicken":6,"minecraft:dandelion":2,"minecraft:potato":2,"pixelmon:dish_curry_burger":1,"pixelmon:poke_ball":9,"tcg:essence_jar":1,"minecraft:golden_boots":2,"minecraft:carrot":64,"minecraft:spruce_log":10,"minecraft:gunpowder":1,"pixelmon:rare_candy":17,"minecraft:dirt":15,"minecraft:red_bed":1,"minecraft:cooked_mutton":128,"pixelmon:new_running_boots":1,"minecraft:wheat_seeds":4,"pixelmon:skitty_smoothie":1,"minecraft:rose_bush":1,"pixelmon:lumiose_galette":5,"minecraft:oak_sapling":1}},"DataVersion":2586}