{"stats":{"minecraft:custom":{"minecraft:open_chest":8,"minecraft:time_since_rest":49546,"minecraft:play_one_minute":105693,"minecraft:crouch_one_cm":630,"minecraft:sprint_one_cm":56565,"minecraft:damage_taken":474,"minecraft:walk_one_cm":401612,"minecraft:deaths":1,"minecraft:sneak_time":110,"minecraft:walk_under_water_one_cm":2238,"minecraft:jump":798,"minecraft:leave_game":1,"minecraft:time_since_death":84636,"minecraft:walk_on_water_one_cm":6611,"minecraft:sleep_in_bed":2,"minecraft:climb_one_cm":1522,"minecraft:fly_one_cm":41219,"minecraft:fall_one_cm":17462,"minecraft:open_barrel":1},"minecraft:killed_by":{"minecraft:player":1},"minecraft:mined":{"minecraft:grass":2,"minecraft:grass_block":5,"minecraft:coarse_dirt":1,"minecraft:dirt":8,"minecraft:spruce_leaves":3,"minecraft:spruce_log":5,"minecraft:grass_path":1},"minecraft:used":{"minecraft:cooked_mutton":2,"minecraft:red_bed":1,"minecraft:carrot":7,"minecraft:potato":2},"minecraft:picked_up":{"minecraft:wheat":1,"minecraft:coarse_dirt":1,"minecraft:cooked_mutton":128,"pixelmon:new_running_boots":1,"minecraft:wheat_seeds":4,"minecraft:dandelion":2,"minecraft:potato":2,"pixelmon:poke_ball":9,"tcg:essence_jar":1,"minecraft:rose_bush":1,"minecraft:gunpowder":1,"minecraft:spruce_log":10,"minecraft:carrot":64,"minecraft:oak_sapling":1,"pixelmon:rare_candy":17,"minecraft:dirt":15,"minecraft:red_bed":1}},"DataVersion":2586}