{"stats":{"minecraft:custom":{"minecraft:open_barrel":3,"minecraft:open_chest":12,"minecraft:time_since_rest":69065,"minecraft:play_one_minute":69065,"minecraft:crouch_one_cm":976,"minecraft:sprint_one_cm":135211,"minecraft:damage_taken":300,"minecraft:walk_one_cm":171642,"minecraft:sneak_time":201,"minecraft:walk_under_water_one_cm":31,"minecraft:drop":25,"minecraft:jump":1285,"minecraft:interact_with_brewingstand":1,"minecraft:damage_dealt":56,"minecraft:leave_game":4,"minecraft:time_since_death":69065,"minecraft:walk_on_water_one_cm":3751,"minecraft:climb_one_cm":1098,"minecraft:swim_one_cm":957,"minecraft:use_cauldron":11,"minecraft:fall_one_cm":22827,"minecraft:fly_one_cm":232596,"minecraft:player_kills":1,"minecraft:horse_one_cm":319129},"minecraft:dropped":{"pixelmon:rare_candy":16,"minecraft:cooked_mutton":128,"pixelmon:new_running_boots":1,"minecraft:carrot":64,"pixelmon:poke_ball":8,"minecraft:cooked_porkchop":2,"minecraft:dandelion":2},"minecraft:mined":{"minecraft:grass":2,"minecraft:poppy":1,"minecraft:grass_block":1,"minecraft:red_bed":1,"minecraft:oak_leaves":2},"minecraft:used":{"minecraft:cooked_mutton":1,"minecraft:cooked_porkchop":7,"minecraft:poppy":1},"minecraft:picked_up":{"minecraft:stick":1,"minecraft:cooked_porkchop":2,"minecraft:poppy":1,"minecraft:glass_bottle":1,"pixelmon:rare_candy":2,"minecraft:dirt":1}},"DataVersion":2586}