{"stats":{"minecraft:custom":{"minecraft:open_barrel":2,"minecraft:open_chest":12,"minecraft:time_since_rest":45065,"minecraft:play_one_minute":45065,"minecraft:crouch_one_cm":548,"minecraft:sprint_one_cm":98149,"minecraft:damage_taken":240,"minecraft:walk_one_cm":111584,"minecraft:sneak_time":80,"minecraft:walk_under_water_one_cm":31,"minecraft:drop":7,"minecraft:jump":642,"minecraft:interact_with_brewingstand":1,"minecraft:damage_dealt":56,"minecraft:leave_game":4,"minecraft:time_since_death":45065,"minecraft:walk_on_water_one_cm":1021,"minecraft:climb_one_cm":1098,"minecraft:swim_one_cm":957,"minecraft:use_cauldron":11,"minecraft:fall_one_cm":19800,"minecraft:fly_one_cm":190224,"minecraft:player_kills":1},"minecraft:dropped":{"minecraft:cooked_mutton":128,"pixelmon:new_running_boots":1,"minecraft:carrot":64,"pixelmon:poke_ball":8,"minecraft:dandelion":2},"minecraft:mined":{"minecraft:grass":1,"minecraft:red_bed":1},"minecraft:used":{"minecraft:cooked_mutton":1,"minecraft:cooked_porkchop":5},"minecraft:picked_up":{"minecraft:glass_bottle":1}},"DataVersion":2586}