{"stats":{"minecraft:custom":{"minecraft:time_since_rest":92916,"minecraft:interact_with_smithing_table":1,"minecraft:sprint_one_cm":211061,"minecraft:walk_one_cm":246108,"minecraft:damage_taken":370,"minecraft:drop":34,"minecraft:damage_dealt":56,"minecraft:swim_one_cm":957,"minecraft:fly_one_cm":312811,"minecraft:player_kills":1,"minecraft:open_barrel":12,"minecraft:open_chest":23,"minecraft:play_one_minute":92916,"minecraft:crouch_one_cm":1012,"minecraft:sneak_time":219,"minecraft:walk_under_water_one_cm":31,"minecraft:jump":1632,"minecraft:interact_with_brewingstand":1,"minecraft:interact_with_stonecutter":1,"minecraft:leave_game":5,"minecraft:walk_on_water_one_cm":3751,"minecraft:time_since_death":92916,"minecraft:climb_one_cm":1752,"minecraft:use_cauldron":11,"minecraft:fall_one_cm":34027,"minecraft:horse_one_cm":394928},"minecraft:dropped":{"pixelmon:rare_candy":22,"pixelmon:tumblestone":2,"minecraft:cooked_porkchop":3,"pixelmon:new_running_boots":1,"minecraft:cooked_mutton":128,"pixelmon:poke_ball":8,"minecraft:carrot":64,"minecraft:dandelion":2},"minecraft:mined":{"minecraft:red_bed":1,"tcg:essence_jar":1,"minecraft:grass":2,"minecraft:grass_block":1,"minecraft:poppy":1,"minecraft:oak_leaves":3},"minecraft:used":{"minecraft:cooked_mutton":3,"minecraft:poppy":1,"minecraft:cooked_porkchop":8,"pixelmon:tumblestone":2},"minecraft:picked_up":{"minecraft:stick":1,"minecraft:cooked_porkchop":3,"pixelmon:rare_candy":5,"minecraft:dirt":1,"pixelmon:tumblestone":1,"minecraft:poppy":1,"minecraft:glass_bottle":1}},"DataVersion":2586}