{"stats":{"minecraft:custom":{"minecraft:time_since_rest":104916,"minecraft:interact_with_smithing_table":1,"minecraft:sprint_one_cm":239174,"minecraft:walk_one_cm":266499,"minecraft:damage_taken":400,"minecraft:trigger_trapped_chest":1,"minecraft:drop":38,"minecraft:damage_dealt":56,"minecraft:swim_one_cm":7690,"minecraft:fly_one_cm":339303,"minecraft:player_kills":1,"minecraft:open_barrel":26,"minecraft:open_chest":24,"minecraft:play_one_minute":104916,"minecraft:crouch_one_cm":1012,"minecraft:sneak_time":229,"minecraft:walk_under_water_one_cm":470,"minecraft:interact_with_lectern":1,"minecraft:jump":1777,"minecraft:interact_with_brewingstand":1,"minecraft:interact_with_stonecutter":1,"minecraft:leave_game":5,"minecraft:walk_on_water_one_cm":7977,"minecraft:time_since_death":104916,"minecraft:climb_one_cm":1752,"minecraft:use_cauldron":11,"minecraft:fall_one_cm":36394,"minecraft:horse_one_cm":708722},"minecraft:dropped":{"pixelmon:hard_stone":1,"pixelmon:rare_candy":22,"pixelmon:tumblestone":2,"minecraft:cooked_porkchop":3,"pixelmon:shiny_stone":2,"pixelmon:new_running_boots":1,"minecraft:cooked_mutton":192,"pixelmon:poke_ball":8,"minecraft:carrot":64,"minecraft:dandelion":2},"minecraft:mined":{"minecraft:large_fern":2,"minecraft:red_bed":1,"minecraft:pumpkin":1,"minecraft:grass_path":1,"tcg:essence_jar":1,"minecraft:grass":2,"minecraft:red_sand":1,"minecraft:grass_block":1,"minecraft:poppy":1,"minecraft:spruce_leaves":2,"minecraft:oak_leaves":3},"minecraft:used":{"minecraft:cooked_mutton":3,"minecraft:red_sand":1,"minecraft:poppy":1,"minecraft:dirt":1,"minecraft:cooked_porkchop":10,"minecraft:pumpkin":1,"pixelmon:tumblestone":2},"minecraft:picked_up":{"minecraft:stick":1,"pixelmon:steel_gem":1,"minecraft:cooked_porkchop":3,"pixelmon:silk_scarf":1,"minecraft:pumpkin":1,"pixelmon:hard_stone":1,"pixelmon:shiny_stone":2,"pixelmon:rare_candy":5,"minecraft:dirt":2,"minecraft:cooked_mutton":65,"pixelmon:tumblestone":1,"minecraft:rotten_flesh":1,"minecraft:red_sand":1,"minecraft:poppy":1,"minecraft:glass_bottle":1}},"DataVersion":2586}