{"stats":{"minecraft:custom":{"minecraft:open_barrel":9,"minecraft:time_since_rest":80916,"minecraft:open_chest":21,"minecraft:interact_with_smithing_table":1,"minecraft:crouch_one_cm":1012,"minecraft:play_one_minute":80916,"minecraft:damage_taken":330,"minecraft:sprint_one_cm":170832,"minecraft:walk_one_cm":206619,"minecraft:sneak_time":219,"minecraft:walk_under_water_one_cm":31,"minecraft:drop":32,"minecraft:interact_with_brewingstand":1,"minecraft:jump":1360,"minecraft:interact_with_stonecutter":1,"minecraft:damage_dealt":56,"minecraft:leave_game":5,"minecraft:time_since_death":80916,"minecraft:walk_on_water_one_cm":3751,"minecraft:climb_one_cm":1752,"minecraft:player_kills":1,"minecraft:fall_one_cm":24996,"minecraft:swim_one_cm":957,"minecraft:use_cauldron":11,"minecraft:fly_one_cm":251189,"minecraft:horse_one_cm":365911},"minecraft:dropped":{"pixelmon:rare_candy":22,"minecraft:cooked_mutton":128,"pixelmon:new_running_boots":1,"minecraft:carrot":64,"pixelmon:poke_ball":8,"minecraft:cooked_porkchop":3,"minecraft:dandelion":2},"minecraft:mined":{"minecraft:grass":2,"minecraft:grass_block":1,"minecraft:poppy":1,"minecraft:red_bed":1,"minecraft:oak_leaves":2},"minecraft:used":{"minecraft:cooked_porkchop":8,"minecraft:poppy":1,"minecraft:cooked_mutton":1},"minecraft:picked_up":{"minecraft:stick":1,"minecraft:cooked_porkchop":3,"minecraft:poppy":1,"minecraft:glass_bottle":1,"pixelmon:rare_candy":5,"minecraft:dirt":1}},"DataVersion":2586}