{"stats":{"minecraft:custom":{"minecraft:time_since_rest":113320,"minecraft:interact_with_smithing_table":1,"minecraft:sprint_one_cm":266527,"minecraft:walk_one_cm":288455,"minecraft:damage_taken":400,"minecraft:trigger_trapped_chest":1,"minecraft:drop":46,"minecraft:damage_dealt":66,"minecraft:swim_one_cm":7690,"minecraft:fly_one_cm":352068,"minecraft:player_kills":1,"minecraft:open_barrel":32,"minecraft:open_chest":26,"minecraft:play_one_minute":113320,"minecraft:crouch_one_cm":1015,"minecraft:sneak_time":242,"minecraft:walk_under_water_one_cm":470,"minecraft:interact_with_lectern":1,"minecraft:jump":1830,"minecraft:interact_with_brewingstand":1,"minecraft:interact_with_stonecutter":1,"minecraft:leave_game":6,"minecraft:walk_on_water_one_cm":7977,"minecraft:time_since_death":113320,"minecraft:climb_one_cm":2832,"minecraft:use_cauldron":11,"minecraft:fall_one_cm":37615,"minecraft:horse_one_cm":708722},"minecraft:dropped":{"minecraft:bread":38,"pixelmon:hard_stone":1,"pixelmon:rare_candy":22,"pixelmon:dish_curry_burger":1,"pixelmon:tumblestone":12,"pixelmon:lumiose_galette":10,"minecraft:cooked_porkchop":3,"pixelmon:old_running_boots":1,"pixelmon:shiny_stone":2,"pixelmon:skitty_smoothie":1,"pixelmon:new_running_boots":1,"minecraft:cooked_mutton":192,"pixelmon:poke_ball":8,"minecraft:carrot":64,"minecraft:dandelion":2},"minecraft:mined":{"minecraft:large_fern":2,"minecraft:red_bed":1,"pixelmon:cyan_folding_chair":1,"minecraft:pumpkin":1,"minecraft:grass_path":1,"tcg:essence_jar":1,"pixelmon:froggy_chair":1,"minecraft:grass":2,"minecraft:red_sand":1,"minecraft:grass_block":1,"minecraft:poppy":1,"minecraft:green_carpet":1,"pixelmon:lightworkplace":1,"minecraft:spruce_leaves":5,"pixelmon:mug_ball":1,"minecraft:oak_leaves":3},"minecraft:used":{"minecraft:cooked_mutton":3,"minecraft:red_sand":1,"pixelmon:cyan_folding_chair":1,"minecraft:poppy":1,"pixelmon:mug_ball":1,"pixelmon:lightworkplace":1,"pixelmon:aluminium_pickaxe":3,"minecraft:green_carpet":1,"minecraft:dirt":1,"minecraft:cooked_porkchop":10,"minecraft:pumpkin":1,"pixelmon:tumblestone":2},"minecraft:picked_up":{"minecraft:stick":1,"pixelmon:cyan_folding_chair":1,"pixelmon:steel_gem":1,"minecraft:cooked_porkchop":3,"pixelmon:silk_scarf":1,"minecraft:pumpkin":1,"minecraft:leather":1,"minecraft:green_carpet":1,"pixelmon:hard_stone":1,"pixelmon:shiny_stone":2,"pixelmon:rare_candy":5,"minecraft:dirt":2,"pixelmon:froggy_chair":1,"minecraft:cooked_mutton":65,"pixelmon:tumblestone":6,"minecraft:rotten_flesh":1,"minecraft:red_sand":1,"pixelmon:mug_ball":1,"pixelmon:lumiose_galette":5,"minecraft:bread":38,"pixelmon:lightworkplace":1,"minecraft:poppy":1,"minecraft:glass_bottle":1}},"DataVersion":2586}